0.7857142857142856,-0.15414634729855128
0.7857142857142856,-0.15414634729855128
0.7857142857142856,0.15414634729855128
0.7857142857142856,0.15414634729855128
0.7857142857142856,-0.1582646924481101
0.7857142857142856,-0.1582646924481101
0.7857142857142856,0.1582646924481101
0.7857142857142856,0.1582646924481101
0.7857142857142856,-0.16231097443330036
0.7857142857142856,-0.16231097443330036
0.7857142857142856,0.16231097443330036
0.7857142857142856,0.16231097443330036
0.7857142857142856,-0.1662909508156664
0.7857142857142856,-0.1662909508156664
0.7857142857142856,0.1662909508156664
0.7857142857142856,0.1662909508156664
0.7857142857142856,-0.1702097694002887
0.7857142857142856,-0.1702097694002887
0.7857142857142856,0.1702097694002887
0.7857142857142856,0.1702097694002887
0.7857142857142856,-0.17407205718695068
0.7857142857142856,-0.17407205718695068
0.7857142857142856,0.17407205718695068
0.7857142857142856,0.17407205718695068
0.7857142857142856,-0.17788199342241276
0.7857142857142856,-0.17788199342241276
0.7857142857142856,0.17788199342241276
0.7857142857142856,0.17788199342241276
0.7857142857142856,-0.1816433700951859
0.7857142857142856,-0.1816433700951859
0.7857142857142856,0.1816433700951859
0.7857142857142856,0.1816433700951859
0.7857142857142856,-0.18535964241521896
0.7857142857142856,-0.18535964241521896
0.7857142857142856,0.18535964241521896
0.7857142857142856,0.18535964241521896
0.7857142857142856,-0.18903397123455554
0.7857142857142856,-0.18903397123455554
0.7857142857142856,0.18903397123455554
0.7857142857142856,0.18903397123455554
0.7857142857142856,-0.19266925892932324
0.7857142857142856,-0.19266925892932324
0.7857142857142856,0.19266925892932324
0.7857142857142856,0.19266925892932324
0.7857142857142856,-0.19626817993598464
0.7857142857142856,-0.19626817993598464
0.7857142857142856,0.19626817993598464
0.7857142857142856,0.19626817993598464
0.7857142857142856,-0.19983320688606052
0.7857142857142856,-0.19983320688606052
0.7857142857142856,0.19983320688606052
0.7857142857142856,0.19983320688606052
0.7857142857142856,-0.20336663309282071
0.7857142857142856,-0.20336663309282071
0.7857142857142856,0.20336663309282071
0.7857142857142856,0.20336663309282071
0.7857142857142856,-0.20687059199581925
0.7857142857142856,-0.20687059199581925
0.7857142857142856,0.20687059199581925
0.7857142857142856,0.20687059199581925
0.7857142857142856,-0.21034707405387776
0.7857142857142856,-0.21034707405387776
0.7857142857142856,0.21034707405387776
0.7857142857142856,0.21034707405387776
0.7857142857142857,-0.213797941486513
0.7857142857142857,-0.213797941486513
0.7857142857142857,0.213797941486513
0.7857142857142857,0.213797941486513
0.7857142857142857,-0.2172249411918887
0.7857142857142857,-0.2172249411918887
0.7857142857142857,0.2172249411918887
0.7857142857142857,0.2172249411918887
0.7857142857142856,-0.22062971611204
0.7857142857142856,-0.22062971611204
0.7857142857142856,0.22062971611204
0.7857142857142856,0.22062971611204
0.7857142857142856,-0.22401381527000744
0.7857142857142856,-0.22401381527000744
0.7857142857142856,0.22401381527000744
0.7857142857142856,0.22401381527000744
0.7857142857142856,-0.22737870266625237
0.7857142857142856,-0.22737870266625237
0.7857142857142856,0.22737870266625237
0.7857142857142856,0.22737870266625237
0.7857142857142857,-0.23072576519142154
0.7857142857142857,-0.23072576519142154
0.7857142857142857,0.23072576519142154
0.7857142857142857,0.23072576519142154
0.7857142857142856,-0.23405631968776267
0.7857142857142856,-0.23405631968776267
0.7857142857142856,0.23405631968776267
0.7857142857142856,0.23405631968776267
0.7857142857142856,-0.23737161927107428
0.7857142857142856,-0.23737161927107428
0.7857142857142856,0.23737161927107428
0.7857142857142856,0.23737161927107428
0.7857142857142856,-0.24067285900829238
0.7857142857142856,-0.24067285900829238
0.7857142857142856,0.24067285900829238
0.7857142857142856,0.24067285900829238
0.7857142857142857,-0.24396118103182152
0.7857142857142857,-0.24396118103182152
0.7857142857142857,0.24396118103182152
0.7857142857142857,0.24396118103182152
0.7857142857142856,-0.24723767916006922
0.7857142857142856,-0.24723767916006922
0.7857142857142856,0.24723767916006922
0.7857142857142856,0.24723767916006922
0.7857142857142857,-0.25050340308388924
0.7857142857142857,-0.25050340308388924
0.7857142857142857,0.25050340308388924
0.7857142857142857,0.25050340308388924
0.7857142857142856,-0.25375936217045675
0.7857142857142856,-0.25375936217045675
0.7857142857142856,0.25375936217045675
0.7857142857142856,0.25375936217045675
0.7857142857142856,-0.25700652892915077
0.7857142857142856,-0.25700652892915077
0.7857142857142856,0.25700652892915077
0.7857142857142856,0.25700652892915077
0.7857142857142856,-0.2602458421781899
0.7857142857142856,-0.2602458421781899
0.7857142857142856,0.2602458421781899
0.7857142857142856,0.2602458421781899
0.7857142857142856,-0.2634782099457495
0.7857142857142856,-0.2634782099457495
0.7857142857142856,0.2634782099457495
0.7857142857142856,0.2634782099457495
0.7857142857142856,-0.2667045121350684
0.7857142857142856,-0.2667045121350684
0.7857142857142856,0.2667045121350684
0.7857142857142856,0.2667045121350684
0.7857142857142856,-0.2699256029794084
0.7857142857142856,-0.2699256029794084
0.7857142857142856,0.2699256029794084
0.7857142857142856,0.2699256029794084
0.7857142857142856,-0.2731423133096012
0.7857142857142856,-0.2731423133096012
0.7857142857142856,0.2731423133096012
0.7857142857142856,0.2731423133096012
0.7857142857142856,-0.27635545265424777
0.7857142857142856,-0.27635545265424777
0.7857142857142856,0.27635545265424777
0.7857142857142856,0.27635545265424777
0.7857142857142856,-0.27956581119030793
0.7857142857142856,-0.27956581119030793
0.7857142857142856,0.27956581119030793
0.7857142857142856,0.27956581119030793
0.7857142857142857,-0.2827741615598255
0.7857142857142857,-0.2827741615598255
0.7857142857142857,0.2827741615598255
0.7857142857142857,0.2827741615598255
0.7857142857142856,-0.28598126056678386
0.7857142857142856,-0.28598126056678386
0.7857142857142856,0.28598126056678386
0.7857142857142856,0.28598126056678386
0.7857142857142856,-0.28918785076658027
0.7857142857142856,-0.28918785076658027
0.7857142857142856,0.28918785076658027
0.7857142857142856,0.28918785076658027
0.7857142857142856,-0.2923946619593143
0.7857142857142856,-0.2923946619593143
0.7857142857142856,0.2923946619593143
0.7857142857142856,0.2923946619593143
0.7857142857142856,-0.29560241259690284
0.7857142857142856,-0.29560241259690284
0.7857142857142856,0.29560241259690284
0.7857142857142856,0.29560241259690284
0.7857142857142856,-0.2988118111130508
0.7857142857142856,-0.2988118111130508
0.7857142857142856,0.2988118111130508
0.7857142857142856,0.2988118111130508
0.7857142857142856,-0.30202355718425505
0.7857142857142856,-0.30202355718425505
0.7857142857142856,0.30202355718425505
0.7857142857142856,0.30202355718425505
0.7857142857142857,-0.30523834292918706
0.7857142857142857,-0.30523834292918706
0.7857142857142857,0.30523834292918706
0.7857142857142857,0.30523834292918706
0.7857142857142856,-0.3084568540531971
0.7857142857142856,-0.3084568540531971
0.7857142857142856,0.3084568540531971
0.7857142857142856,0.3084568540531971
0.7857142857142856,-0.3116797709440419
0.7857142857142856,-0.3116797709440419
0.7857142857142856,0.3116797709440419
0.7857142857142856,0.3116797709440419
0.7857142857142856,-0.3149077697244415
0.7857142857142856,-0.3149077697244415
0.7857142857142856,0.3149077697244415
0.7857142857142856,0.3149077697244415
0.7857142857142854,-0.31814152326661543
0.7857142857142854,-0.31814152326661543
0.7857142857142854,0.31814152326661543
0.7857142857142854,0.31814152326661543
0.7857142857142856,-0.32138170217352496
0.7857142857142856,-0.32138170217352496
0.7857142857142856,0.32138170217352496
0.7857142857142856,0.32138170217352496
0.7857142857142856,-0.32462897573124905
0.7857142857142856,-0.32462897573124905
0.7857142857142856,0.32462897573124905
0.7857142857142856,0.32462897573124905
0.7857142857142857,-0.32788401283654095
0.7857142857142857,-0.32788401283654095
0.7857142857142857,0.32788401283654095
0.7857142857142857,0.32788401283654095
0.7857142857142856,-0.331147482903436
0.7857142857142856,-0.331147482903436
0.7857142857142856,0.331147482903436
0.7857142857142856,0.331147482903436
0.7857142857142856,-0.3344200567524532
0.7857142857142856,-0.3344200567524532
0.7857142857142856,0.3344200567524532
0.7857142857142856,0.3344200567524532
0.7857142857142856,-0.3377024074858174
0.7857142857142856,-0.3377024074858174
0.7857142857142856,0.3377024074858174
0.7857142857142856,0.3377024074858174
0.7857142857142856,-0.3409952113519035
0.7857142857142856,-0.3409952113519035
0.7857142857142856,0.3409952113519035
0.7857142857142856,0.3409952113519035
0.7857142857142856,-0.3442991486019731
0.7857142857142856,-0.3442991486019731
0.7857142857142856,0.3442991486019731
0.7857142857142856,0.3442991486019731
0.7857142857142856,-0.3476149043421621
0.7857142857142856,-0.3476149043421621
0.7857142857142856,0.3476149043421621
0.7857142857142856,0.3476149043421621
0.7857142857142856,-0.3509431693835637
0.7857142857142856,-0.3509431693835637
0.7857142857142856,0.3509431693835637
0.7857142857142856,0.3509431693835637
0.7857142857142856,-0.354284641093173
0.7857142857142856,-0.354284641093173
0.7857142857142856,0.354284641093173
0.7857142857142856,0.354284641093173
0.7857142857142856,-0.35764002424840746
0.7857142857142856,-0.35764002424840746
0.7857142857142856,0.35764002424840746
0.7857142857142856,0.35764002424840746
0.7857142857142856,-0.3610100318978604
0.7857142857142856,-0.3610100318978604
0.7857142857142856,0.3610100318978604
0.7857142857142856,0.3610100318978604
0.7857142857142856,-0.3643953862309324
0.7857142857142856,-0.3643953862309324
0.7857142857142856,0.3643953862309324
0.7857142857142856,0.3643953862309324
0.7857142857142856,-0.3677968194589538
0.7857142857142856,-0.3677968194589538
0.7857142857142856,0.3677968194589538
0.7857142857142856,0.3677968194589538
0.7857142857142856,-0.3712150747104474
0.7857142857142856,-0.3712150747104474
0.7857142857142856,0.3712150747104474
0.7857142857142856,0.3712150747104474
0.7857142857142856,-0.3746509069431675
0.7857142857142856,-0.3746509069431675
0.7857142857142856,0.3746509069431675
0.7857142857142856,0.3746509069431675
0.7857142857142856,-0.3781050838756096
0.7857142857142856,-0.3781050838756096
0.7857142857142856,0.3781050838756096
0.7857142857142856,0.3781050838756096
0.7857142857142856,-0.38157838694072493
0.7857142857142856,-0.38157838694072493
0.7857142857142856,0.38157838694072493
0.7857142857142856,0.38157838694072493
0.7857142857142856,-0.38507161226465164
0.7857142857142856,-0.38507161226465164
0.7857142857142856,0.38507161226465164
0.7857142857142856,0.38507161226465164
0.7857142857142856,-0.38858557167332913
0.7857142857142856,-0.38858557167332913
0.7857142857142856,0.38858557167332913
0.7857142857142856,0.38858557167332913
0.7857142857142856,-0.3921210937299961
0.7857142857142856,-0.3921210937299961
0.7857142857142856,0.3921210937299961
0.7857142857142856,0.3921210937299961
0.7857142857142856,-0.3956790248066442
0.7857142857142856,-0.3956790248066442
0.7857142857142856,0.3956790248066442
0.7857142857142856,0.3956790248066442
0.7857142857142857,-0.39926023019267187
0.7857142857142857,-0.39926023019267187
0.7857142857142857,0.39926023019267187
0.7857142857142857,0.39926023019267187
0.7857142857142856,-0.40286559524408855
0.7857142857142856,-0.40286559524408855
0.7857142857142856,0.40286559524408855
0.7857142857142856,0.40286559524408855
0.7857142857142856,-0.40649602657681144
0.7857142857142856,-0.40649602657681144
0.7857142857142856,0.40649602657681144
0.7857142857142856,0.40649602657681144
0.7857142857142856,-0.4101524533077783
0.7857142857142856,-0.4101524533077783
0.7857142857142856,0.4101524533077783
0.7857142857142856,0.4101524533077783
0.7857142857142856,-0.41383582834779825
0.7857142857142856,-0.41383582834779825
0.7857142857142856,0.41383582834779825
0.7857142857142856,0.41383582834779825
0.7857142857142856,-0.41754712975029434
0.7857142857142856,-0.41754712975029434
0.7857142857142856,0.41754712975029434
0.7857142857142856,0.41754712975029434
0.7857142857142857,-0.4212873621203481
0.7857142857142857,-0.4212873621203481
0.7857142857142857,0.4212873621203481
0.7857142857142857,0.4212873621203481
0.7857142857142856,-0.42505755808872364
0.7857142857142856,-0.42505755808872364
0.7857142857142856,0.42505755808872364
0.7857142857142856,0.42505755808872364
0.7857142857142856,-0.42885877985587934
0.7857142857142856,-0.42885877985587934
0.7857142857142856,0.42885877985587934
0.7857142857142856,0.42885877985587934
0.7857142857142856,-0.4326921208112702
0.7857142857142856,-0.4326921208112702
0.7857142857142856,0.4326921208112702
0.7857142857142856,0.4326921208112702
0.7857142857142856,-0.43655870723366047
0.7857142857142856,-0.43655870723366047
0.7857142857142856,0.43655870723366047
0.7857142857142856,0.43655870723366047
0.7857142857142856,-0.44045970007853785
0.7857142857142856,-0.44045970007853785
0.7857142857142856,0.44045970007853785
0.7857142857142856,0.44045970007853785
0.7857142857142856,-0.4443962968591794
0.7857142857142856,-0.4443962968591794
0.7857142857142856,0.4443962968591794
0.7857142857142856,0.4443962968591794
0.7857142857142856,-0.44836973362840765
0.7857142857142856,-0.44836973362840765
0.7857142857142856,0.44836973362840765
0.7857142857142856,0.44836973362840765
0.7857142857142856,-0.4523812870685998
0.7857142857142856,-0.4523812870685998
0.7857142857142856,0.4523812870685998
0.7857142857142856,0.4523812870685998
0.7857142857142856,-0.456432276698124
0.7857142857142856,-0.456432276698124
0.7857142857142856,0.456432276698124
0.7857142857142856,0.456432276698124
0.7857142857142857,-0.460524067202984
0.7857142857142857,-0.460524067202984
0.7857142857142857,0.460524067202984
0.7857142857142857,0.460524067202984
0.7857142857142857,-0.4646580709032043
0.7857142857142857,-0.4646580709032043
0.7857142857142857,0.4646580709032043
0.7857142857142857,0.4646580709032043
0.7857142857142856,-0.46883575036422226
0.7857142857142856,-0.46883575036422226
0.7857142857142856,0.46883575036422226
0.7857142857142856,0.46883575036422226
0.7857142857142856,-0.47305862116444636
0.7857142857142856,-0.47305862116444636
0.7857142857142856,0.47305862116444636
0.7857142857142856,0.47305862116444636
0.7857142857142856,-0.47732825483104646
0.7857142857142856,-0.47732825483104646
0.7857142857142856,0.47732825483104646
0.7857142857142856,0.47732825483104646
0.7857142857142856,-0.4816462819571023
0.7857142857142856,-0.4816462819571023
0.7857142857142856,0.4816462819571023
0.7857142857142856,0.4816462819571023
0.7857142857142856,-0.4860143955143568
0.7857142857142856,-0.4860143955143568
0.7857142857142856,0.4860143955143568
0.7857142857142856,0.4860143955143568
0.7857142857142856,-0.4904343543770856
0.7857142857142856,-0.4904343543770856
0.7857142857142856,0.4904343543770856
0.7857142857142856,0.4904343543770856
0.7857142857142857,-0.4949079870739819
0.7857142857142857,-0.4949079870739819
0.7857142857142857,0.4949079870739819
0.7857142857142857,0.4949079870739819
0.7857142857142857,-0.4994371957864798
0.7857142857142857,-0.4994371957864798
0.7857142857142857,0.4994371957864798
0.7857142857142857,0.4994371957864798
0.7857142857142856,-0.5040239606136467
0.7857142857142856,-0.5040239606136467
0.7857142857142856,0.5040239606136467
0.7857142857142856,0.5040239606136467
0.7857142857142856,-0.5086703441256264
0.7857142857142856,-0.5086703441256264
0.7857142857142856,0.5086703441256264
0.7857142857142856,0.5086703441256264
0.7857142857142856,-0.513378496229729
0.7857142857142856,-0.513378496229729
0.7857142857142856,0.513378496229729
0.7857142857142856,0.513378496229729
0.7857142857142856,-0.5181506593755326
0.7857142857142856,-0.5181506593755326
0.7857142857142856,0.5181506593755326
0.7857142857142856,0.5181506593755326
0.7857142857142857,-0.5229891741279531
0.7857142857142857,-0.5229891741279531
0.7857142857142857,0.5229891741279531
0.7857142857142857,0.5229891741279531
0.7857142857142857,-0.5278964851400704
0.7857142857142857,-0.5278964851400704
0.7857142857142857,0.5278964851400704
0.7857142857142857,0.5278964851400704
0.7857142857142856,-0.5328751475606942
0.7857142857142856,-0.5328751475606942
0.7857142857142856,0.5328751475606942
0.7857142857142856,0.5328751475606942
0.7857142857142856,-0.5379278339151717
0.7857142857142856,-0.5379278339151717
0.7857142857142856,0.5379278339151717
0.7857142857142856,0.5379278339151717
0.7857142857142857,-0.5430573415019189
0.7857142857142857,-0.5430573415019189
0.7857142857142857,0.5430573415019189
0.7857142857142857,0.5430573415019189
0.7857142857142856,-0.5482666003515648
0.7857142857142856,-0.5482666003515648
0.7857142857142856,0.5482666003515648
0.7857142857142856,0.5482666003515648
0.7857142857142856,-0.5535586818005676
0.7857142857142856,-0.5535586818005676
0.7857142857142856,0.5535586818005676
0.7857142857142856,0.5535586818005676
0.7857142857142856,-0.5589368077367176
0.7857142857142856,-0.5589368077367176
0.7857142857142856,0.5589368077367176
0.7857142857142856,0.5589368077367176
0.7857142857142856,-0.5644043605801882
0.7857142857142856,-0.5644043605801882
0.7857142857142856,0.5644043605801882
0.7857142857142856,0.5644043605801882
0.7857142857142856,-0.5699648940708457
0.7857142857142856,-0.5699648940708457
0.7857142857142856,0.5699648940708457
0.7857142857142856,0.5699648940708457
0.7857142857142856,-0.5756221449404237
0.7857142857142856,-0.5756221449404237
0.7857142857142856,0.5756221449404237
0.7857142857142856,0.5756221449404237
0.7857142857142857,-0.5813800455571647
0.7857142857142857,-0.5813800455571647
0.7857142857142857,0.5813800455571647
0.7857142857142857,0.5813800455571647
0.7857142857142856,-0.5872427376406224
0.7857142857142856,-0.5872427376406224
0.7857142857142856,0.5872427376406224
0.7857142857142856,0.5872427376406224
0.7857142857142857,-0.5932145871558139
0.7857142857142857,-0.5932145871558139
0.7857142857142857,0.5932145871558139
0.7857142857142857,0.5932145871558139
0.7857142857142856,-0.5993002005089353
0.7857142857142856,-0.5993002005089353
0.7857142857142856,0.5993002005089353
0.7857142857142856,0.5993002005089353
0.7857142857142856,-0.6055044421816815
0.7857142857142856,-0.6055044421816815
0.7857142857142856,0.6055044421816815
0.7857142857142856,0.6055044421816815
0.7857142857142857,-0.6118324539581035
0.7857142857142857,-0.6118324539581035
0.7857142857142857,0.6118324539581035
0.7857142857142857,0.6118324539581035
0.7857142857142856,-0.6182896759172258
0.7857142857142856,-0.6182896759172258
0.7857142857142856,0.6182896759172258
0.7857142857142856,0.6182896759172258
0.7857142857142856,-0.6248818693867577
0.7857142857142856,-0.6248818693867577
0.7857142857142856,0.6248818693867577
0.7857142857142856,0.6248818693867577
0.7857142857142856,-0.6316151420785221
0.7857142857142856,-0.6316151420785221
0.7857142857142856,0.6316151420785221
0.7857142857142856,0.6316151420785221
0.7857142857142856,-0.6384959756553966
0.7857142857142856,-0.6384959756553966
0.7857142857142856,0.6384959756553966
0.7857142857142856,0.6384959756553966
0.7857142857142856,-0.6455312560130894
0.7857142857142856,-0.6455312560130894
0.7857142857142856,0.6455312560130894
0.7857142857142856,0.6455312560130894
0.7857142857142857,-0.652728306598842
0.7857142857142857,-0.652728306598842
0.7857142857142857,0.652728306598842
0.7857142857142857,0.652728306598842
0.7857142857142856,-0.660094925134053
0.7857142857142856,-0.660094925134053
0.7857142857142856,0.660094925134053
0.7857142857142856,0.660094925134053
0.7857142857142856,-0.6676394241599006
0.7857142857142856,-0.6676394241599006
0.7857142857142856,0.6676394241599006
0.7857142857142856,0.6676394241599006
0.7857142857142857,-0.6753706758857371
0.7857142857142857,-0.6753706758857371
0.7857142857142857,0.6753706758857371
0.7857142857142857,0.6753706758857371
0.7857142857142856,-0.6832981618908057
0.7857142857142856,-0.6832981618908057
0.7857142857142856,0.6832981618908057
0.7857142857142856,0.6832981618908057
0.7857142857142854,-0.6914320283127292
0.7857142857142854,-0.6914320283127292
0.7857142857142854,0.6914320283127292
0.7857142857142854,0.6914320283127292
0.7857142857142856,-0.6997831472535649
0.7857142857142856,-0.6997831472535649
0.7857142857142856,0.6997831472535649
0.7857142857142856,0.6997831472535649
0.7857142857142856,-0.7083631852488131
0.7857142857142856,-0.7083631852488131
0.7857142857142856,0.7083631852488131
0.7857142857142856,0.7083631852488131
0.7857142857142856,-0.7171846797802349
0.7857142857142856,-0.7171846797802349
0.7857142857142856,0.7171846797802349
0.7857142857142856,0.7171846797802349
0.7857142857142856,-0.726261124973882
0.7857142857142856,-0.726261124973882
0.7857142857142856,0.726261124973882
0.7857142857142856,0.726261124973882
0.7857142857142856,-0.7356070678157901
0.7857142857142856,-0.7356070678157901
0.7857142857142856,0.7356070678157901
0.7857142857142856,0.7356070678157901
0.7857142857142856,-0.7452382164458492
0.7857142857142856,-0.7452382164458492
0.7857142857142856,0.7452382164458492
0.7857142857142856,0.7452382164458492
0.7857142857142856,-0.7551715623637437
0.7857142857142856,-0.7551715623637437
0.7857142857142856,0.7551715623637437
0.7857142857142856,0.7551715623637437
0.7857142857142856,-0.765425518709808
0.7857142857142856,-0.765425518709808
0.7857142857142856,0.765425518709808
0.7857142857142856,0.765425518709808
0.7857142857142857,-0.7760200771810547
0.7857142857142857,-0.7760200771810547
0.7857142857142857,0.7760200771810547
0.7857142857142857,0.7760200771810547
0.7857142857142857,-0.786976986625
0.7857142857142857,-0.786976986625
0.7857142857142857,0.786976986625
0.7857142857142857,0.786976986625
0.7857142857142856,-0.7983199569417686
0.7857142857142856,-0.7983199569417686
0.7857142857142856,0.7983199569417686
0.7857142857142856,0.7983199569417686
0.7857142857142857,-0.8100748926451092
0.7857142857142857,-0.8100748926451092
0.7857142857142857,0.8100748926451092
0.7857142857142857,0.8100748926451092
0.7857142857142856,-0.8222701613193091
0.7857142857142856,-0.8222701613193091
0.7857142857142856,0.8222701613193091
0.7857142857142856,0.8222701613193091
0.7857142857142856,-0.8349369033057077
0.7857142857142856,-0.8349369033057077
0.7857142857142856,0.8349369033057077
0.7857142857142856,0.8349369033057077
0.7857142857142857,-0.848109390317112
0.7857142857142857,-0.848109390317112
0.7857142857142857,0.848109390317112
0.7857142857142857,0.848109390317112
0.7857142857142857,-0.8618254423859536
0.7857142857142857,-0.8618254423859536
0.7857142857142857,0.8618254423859536
0.7857142857142857,0.8618254423859536
0.7857142857142856,-0.8761269147019972
0.7857142857142856,-0.8761269147019972
0.7857142857142856,0.8761269147019972
0.7857142857142856,0.8761269147019972
0.7857142857142857,-0.891060268619857
0.7857142857142857,-0.891060268619857
0.7857142857142857,0.891060268619857
0.7857142857142857,0.891060268619857
0.7857142857142856,-0.9066772445926135
0.7857142857142856,-0.9066772445926135
0.7857142857142856,0.9066772445926135
0.7857142857142856,0.9066772445926135
0.7857142857142856,-0.9230356592550611
0.7857142857142856,-0.9230356592550611
0.7857142857142856,0.9230356592550611
0.7857142857142856,0.9230356592550611
0.7857142857142856,-0.9402003546653742
0.7857142857142856,-0.9402003546653742
0.7857142857142856,0.9402003546653742
0.7857142857142856,0.9402003546653742
0.7857142857142857,-0.3280447864053199
0.7857142857142857,-0.3280447864053199
0.7857142857142857,0.3280447864053199
0.7857142857142857,0.3280447864053199
0.7857142857142856,-0.33135002089139676
0.7857142857142856,-0.33135002089139676
0.7857142857142856,0.33135002089139676
0.7857142857142856,0.33135002089139676
0.7857142857142856,-0.33462708341318037
0.7857142857142856,-0.33462708341318037
0.7857142857142856,0.33462708341318037
0.7857142857142856,0.33462708341318037
0.7857142857142856,-0.3378769590159531
0.7857142857142856,-0.3378769590159531
0.7857142857142856,0.3378769590159531
0.7857142857142856,0.3378769590159531
0.7857142857142856,-0.34110058770362767
0.7857142857142856,-0.34110058770362767
0.7857142857142856,0.34110058770362767
0.7857142857142856,0.34110058770362767
0.7857142857142856,-0.3442988673354001
0.7857142857142856,-0.3442988673354001
0.7857142857142856,0.3442988673354001
0.7857142857142856,0.3442988673354001
0.7857142857142856,-0.3474726562876181
0.7857142857142856,-0.3474726562876181
0.7857142857142856,0.3474726562876181
0.7857142857142856,0.3474726562876181
0.7857142857142857,-0.35062277590378016
0.7857142857142857,-0.35062277590378016
0.7857142857142857,0.35062277590378016
0.7857142857142857,0.35062277590378016
0.7857142857142856,-0.3537500127529934
0.7857142857142856,-0.3537500127529934
0.7857142857142856,0.3537500127529934
0.7857142857142856,0.3537500127529934
0.7857142857142856,-0.3568551207149446
0.7857142857142856,-0.3568551207149446
0.7857142857142856,0.3568551207149446
0.7857142857142856,0.3568551207149446
0.7857142857142856,-0.3599388229074568
0.7857142857142856,-0.3599388229074568
0.7857142857142856,0.3599388229074568
0.7857142857142856,0.3599388229074568
0.7857142857142856,-0.3630018134709763
0.7857142857142856,-0.3630018134709763
0.7857142857142856,0.3630018134709763
0.7857142857142856,0.3630018134709763
0.7857142857142857,-0.36604475922280294
0.7857142857142857,-0.36604475922280294
0.7857142857142857,0.36604475922280294
0.7857142857142857,0.36604475922280294
0.7857142857142857,-0.369068301192555
0.7857142857142857,-0.369068301192555
0.7857142857142857,0.369068301192555
0.7857142857142857,0.369068301192555
0.7857142857142856,-0.3720730560491592
0.7857142857142856,-0.3720730560491592
0.7857142857142856,0.3720730560491592
0.7857142857142856,0.3720730560491592
0.7857142857142856,-0.3750596174286387
0.7857142857142856,-0.3750596174286387
0.7857142857142856,0.3750596174286387
0.7857142857142856,0.3750596174286387
0.7857142857142856,-0.3780285571710321
0.7857142857142856,-0.3780285571710321
0.7857142857142856,0.3780285571710321
0.7857142857142856,0.3780285571710321
0.7857142857142856,-0.3809804264739654
0.7857142857142856,-0.3809804264739654
0.7857142857142856,0.3809804264739654
0.7857142857142856,0.3809804264739654
0.7857142857142857,-0.3839157569696771
0.7857142857142857,-0.3839157569696771
0.7857142857142857,0.3839157569696771
0.7857142857142857,0.3839157569696771
0.7857142857142856,-0.3868350617316434
0.7857142857142856,-0.3868350617316434
0.7857142857142856,0.3868350617316434
0.7857142857142856,0.3868350617316434
0.7857142857142857,-0.389738836216373
0.7857142857142857,-0.389738836216373
0.7857142857142857,0.389738836216373
0.7857142857142857,0.389738836216373
0.7857142857142857,-0.3926275591454394
0.7857142857142857,-0.3926275591454394
0.7857142857142857,0.3926275591454394
0.7857142857142857,0.3926275591454394
0.7857142857142856,-0.3955016933323413
0.7857142857142856,-0.3955016933323413
0.7857142857142856,0.3955016933323413
0.7857142857142856,0.3955016933323413
0.7857142857142856,-0.3983616864583745
0.7857142857142856,-0.3983616864583745
0.7857142857142856,0.3983616864583745
0.7857142857142856,0.3983616864583745
0.7857142857142856,-0.40120797180133766
0.7857142857142856,-0.40120797180133766
0.7857142857142856,0.40120797180133766
0.7857142857142856,0.40120797180133766
0.7857142857142856,-0.4040409689205466
0.7857142857142856,-0.4040409689205466
0.7857142857142856,0.4040409689205466
0.7857142857142856,0.4040409689205466
0.7857142857142856,-0.4068610843013401
0.7857142857142856,-0.4068610843013401
0.7857142857142856,0.4068610843013401
0.7857142857142856,0.4068610843013401
0.7857142857142857,-0.40966871196198484
0.7857142857142857,-0.40966871196198484
0.7857142857142857,0.40966871196198484
0.7857142857142857,0.40966871196198484
0.7857142857142856,-0.412464234025656
0.7857142857142856,-0.412464234025656
0.7857142857142856,0.412464234025656
0.7857142857142856,0.412464234025656
0.7857142857142856,-0.4152480212599238
0.7857142857142856,-0.4152480212599238
0.7857142857142856,0.4152480212599238
0.7857142857142856,0.4152480212599238
0.7857142857142856,-0.4180204335860043
0.7857142857142856,-0.4180204335860043
0.7857142857142856,0.4180204335860043
0.7857142857142856,0.4180204335860043
0.7857142857142856,-0.42078182055983304
0.7857142857142856,-0.42078182055983304
0.7857142857142856,0.42078182055983304
0.7857142857142856,0.42078182055983304
0.7857142857142857,-0.42353252182686196
0.7857142857142857,-0.42353252182686196
0.7857142857142857,0.42353252182686196
0.7857142857142857,0.42353252182686196
0.7857142857142856,-0.426272867552326
0.7857142857142856,-0.426272867552326
0.7857142857142856,0.426272867552326
0.7857142857142856,0.426272867552326
0.7857142857142856,-0.42900317882860195
0.7857142857142856,-0.42900317882860195
0.7857142857142856,0.42900317882860195
0.7857142857142856,0.42900317882860195
0.7857142857142857,-0.43172376806114066
0.7857142857142857,-0.43172376806114066
0.7857142857142857,0.43172376806114066
0.7857142857142857,0.43172376806114066
0.7857142857142856,-0.4344349393343519
0.7857142857142856,-0.4344349393343519
0.7857142857142856,0.4344349393343519
0.7857142857142856,0.4344349393343519
0.7857142857142856,-0.4371369887587175
0.7857142857142856,-0.4371369887587175
0.7857142857142856,0.4371369887587175
0.7857142857142856,0.4371369887587175
0.7857142857142856,-0.43983020480030754
0.7857142857142856,-0.43983020480030754
0.7857142857142856,0.43983020480030754
0.7857142857142856,0.43983020480030754
0.7857142857142856,-0.44251486859379696
0.7857142857142856,-0.44251486859379696
0.7857142857142856,0.44251486859379696
0.7857142857142856,0.44251486859379696
0.7857142857142856,-0.44519125423998834
0.7857142857142856,-0.44519125423998834
0.7857142857142856,0.44519125423998834
0.7857142857142856,0.44519125423998834
0.7857142857142856,-0.44785962908878957
0.7857142857142856,-0.44785962908878957
0.7857142857142856,0.44785962908878957
0.7857142857142856,0.44785962908878957
0.7857142857142856,-0.450520254008515
0.7857142857142856,-0.450520254008515
0.7857142857142856,0.450520254008515
0.7857142857142856,0.450520254008515
0.7857142857142856,-0.4531733836423216
0.7857142857142856,-0.4531733836423216
0.7857142857142856,0.4531733836423216
0.7857142857142856,0.4531733836423216
0.7857142857142857,-0.45581926665254446
0.7857142857142857,-0.45581926665254446
0.7857142857142857,0.45581926665254446
0.7857142857142857,0.45581926665254446
0.7857142857142856,-0.45845814595362444
0.7857142857142856,-0.45845814595362444
0.7857142857142856,0.45845814595362444
0.7857142857142856,0.45845814595362444
0.7857142857142856,-0.4610902589342909
0.7857142857142856,-0.4610902589342909
0.7857142857142856,0.4610902589342909
0.7857142857142856,0.4610902589342909
0.7857142857142856,-0.46371583766961605
0.7857142857142856,-0.46371583766961605
0.7857142857142856,0.46371583766961605
0.7857142857142856,0.46371583766961605
0.7857142857142856,-0.4663351091235025
0.7857142857142856,-0.4663351091235025
0.7857142857142856,0.4663351091235025
0.7857142857142856,0.4663351091235025
0.7857142857142857,-0.46894829534214666
0.7857142857142857,-0.46894829534214666
0.7857142857142857,0.46894829534214666
0.7857142857142857,0.46894829534214666
0.7857142857142856,-0.4715556136389736
0.7857142857142856,-0.4715556136389736
0.7857142857142856,0.4715556136389736
0.7857142857142856,0.4715556136389736
0.7857142857142856,-0.4741572767715101
0.7857142857142856,-0.4741572767715101
0.7857142857142856,0.4741572767715101
0.7857142857142856,0.4741572767715101
0.7857142857142856,-0.4767534931106374
0.7857142857142856,-0.4767534931106374
0.7857142857142856,0.4767534931106374
0.7857142857142856,0.4767534931106374
0.7857142857142856,-0.4793444668026276
0.7857142857142856,-0.4793444668026276
0.7857142857142856,0.4793444668026276
0.7857142857142856,0.4793444668026276
0.7857142857142856,-0.48193039792435477
0.7857142857142856,-0.48193039792435477
0.7857142857142856,0.48193039792435477
0.7857142857142856,0.48193039792435477
0.7857142857142856,-0.48451148263203275
0.7857142857142856,-0.48451148263203275
0.7857142857142856,0.48451148263203275
0.7857142857142856,0.48451148263203275
0.7857142857142856,-0.4870879133038284
0.7857142857142856,-0.4870879133038284
0.7857142857142856,0.4870879133038284
0.7857142857142856,0.4870879133038284
0.7857142857142856,-0.4896598786766567
0.7857142857142856,-0.4896598786766567
0.7857142857142856,0.4896598786766567
0.7857142857142856,0.4896598786766567
0.7857142857142856,-0.4922275639774684
0.7857142857142856,-0.4922275639774684
0.7857142857142856,0.4922275639774684
0.7857142857142856,0.4922275639774684
0.7857142857142856,-0.49479115104930016
0.7857142857142856,-0.49479115104930016
0.7857142857142856,0.49479115104930016
0.7857142857142856,0.49479115104930016
0.7857142857142856,-0.49735081847236023
0.7857142857142856,-0.49735081847236023
0.7857142857142856,0.49735081847236023
0.7857142857142856,0.49735081847236023
0.7857142857142856,-0.4999067416803916
0.7857142857142856,-0.4999067416803916
0.7857142857142856,0.4999067416803916
0.7857142857142856,0.4999067416803916
0.7857142857142856,-0.5024590930725555
0.7857142857142856,-0.5024590930725555
0.7857142857142856,0.5024590930725555
0.7857142857142856,0.5024590930725555
0.7857142857142856,-0.5050080421210462
0.7857142857142856,-0.5050080421210462
0.7857142857142856,0.5050080421210462
0.7857142857142856,0.5050080421210462
0.7857142857142857,-0.5075537554746563
0.7857142857142857,-0.5075537554746563
0.7857142857142857,0.5075537554746563
0.7857142857142857,0.5075537554746563
0.7857142857142856,-0.5100963970584796
0.7857142857142856,-0.5100963970584796
0.7857142857142856,0.5100963970584796
0.7857142857142856,0.5100963970584796
0.7857142857142856,-0.5126361281699462
0.7857142857142856,-0.5126361281699462
0.7857142857142856,0.5126361281699462
0.7857142857142856,0.5126361281699462
0.7857142857142856,-0.5151731075713571
0.7857142857142856,-0.5151731075713571
0.7857142857142856,0.5151731075713571
0.7857142857142856,0.5151731075713571
0.7857142857142856,-0.5177074915790952
0.7857142857142856,-0.5177074915790952
0.7857142857142856,0.5177074915790952
0.7857142857142856,0.5177074915790952
0.7857142857142856,-0.5202394341496551
0.7857142857142856,-0.5202394341496551
0.7857142857142856,0.5202394341496551
0.7857142857142856,0.5202394341496551
0.7857142857142857,-0.5227690869626535
0.7857142857142857,-0.5227690869626535
0.7857142857142857,0.5227690869626535
0.7857142857142857,0.5227690869626535
0.7857142857142857,-0.5252965995009572
0.7857142857142857,-0.5252965995009572
0.7857142857142857,0.5252965995009572
0.7857142857142857,0.5252965995009572
0.7857142857142856,-0.527822119128056
0.7857142857142856,-0.527822119128056
0.7857142857142856,0.527822119128056
0.7857142857142856,0.527822119128056
0.7857142857142856,-0.5303457911628133
0.7857142857142856,-0.5303457911628133
0.7857142857142856,0.5303457911628133
0.7857142857142856,0.5303457911628133
0.7857142857142856,-0.5328677589517151
0.7857142857142856,-0.5328677589517151
0.7857142857142856,0.5328677589517151
0.7857142857142856,0.5328677589517151
0.7857142857142856,-0.5353881639387247
0.7857142857142856,-0.5353881639387247
0.7857142857142856,0.5353881639387247
0.7857142857142856,0.5353881639387247
0.7857142857142857,-0.5379071457328564
0.7857142857142857,-0.5379071457328564
0.7857142857142857,0.5379071457328564
0.7857142857142857,0.5379071457328564
0.7857142857142856,-0.5404248421735673
0.7857142857142856,-0.5404248421735673
0.7857142857142856,0.5404248421735673
0.7857142857142856,0.5404248421735673
0.7857142857142856,-0.5429413893940682
0.7857142857142856,-0.5429413893940682
0.7857142857142856,0.5429413893940682
0.7857142857142856,0.5429413893940682
0.7857142857142856,-0.5454569218826427
0.7857142857142856,-0.5454569218826427
0.7857142857142856,0.5454569218826427
0.7857142857142856,0.5454569218826427
0.7857142857142856,-0.5479715725420632
0.7857142857142856,-0.5479715725420632
0.7857142857142856,0.5479715725420632
0.7857142857142856,0.5479715725420632
0.7857142857142856,-0.5504854727471878
0.7857142857142856,-0.5504854727471878
0.7857142857142856,0.5504854727471878
0.7857142857142856,0.5504854727471878
0.7857142857142856,-0.5529987524008213
0.7857142857142856,-0.5529987524008213
0.7857142857142856,0.5529987524008213
0.7857142857142856,0.5529987524008213
0.7857142857142854,-0.5555115399879054
0.7857142857142854,-0.5555115399879054
0.7857142857142854,0.5555115399879054
0.7857142857142854,0.5555115399879054
0.7857142857142856,-0.5580239626281261
0.7857142857142856,-0.5580239626281261
0.7857142857142856,0.5580239626281261
0.7857142857142856,0.5580239626281261
0.7857142857142856,-0.5605361461269944
0.7857142857142856,-0.5605361461269944
0.7857142857142856,0.5605361461269944
0.7857142857142856,0.5605361461269944
0.7857142857142857,-0.5630482150254696
0.7857142857142857,-0.5630482150254696
0.7857142857142857,0.5630482150254696
0.7857142857142857,0.5630482150254696
0.7857142857142856,-0.5655602926481913
0.7857142857142856,-0.5655602926481913
0.7857142857142856,0.5655602926481913
0.7857142857142856,0.5655602926481913
0.7857142857142856,-0.5680725011503744
0.7857142857142856,-0.5680725011503744
0.7857142857142856,0.5680725011503744
0.7857142857142856,0.5680725011503744
0.7857142857142857,-0.5705849615634311
0.7857142857142857,-0.5705849615634311
0.7857142857142857,0.5705849615634311
0.7857142857142857,0.5705849615634311
0.7857142857142856,-0.5730977938393671
0.7857142857142856,-0.5730977938393671
0.7857142857142856,0.5730977938393671
0.7857142857142856,0.5730977938393671
0.7857142857142856,-0.5756111168940076
0.7857142857142856,-0.5756111168940076
0.7857142857142856,0.5756111168940076
0.7857142857142856,0.5756111168940076
0.7857142857142856,-0.5781250486491054
0.7857142857142856,-0.5781250486491054
0.7857142857142856,0.5781250486491054
0.7857142857142856,0.5781250486491054
0.7857142857142857,-0.5806397060733736
0.7857142857142857,-0.5806397060733736
0.7857142857142857,0.5806397060733736
0.7857142857142857,0.5806397060733736
0.7857142857142857,-0.5831552052224933
0.7857142857142857,-0.5831552052224933
0.7857142857142857,0.5831552052224933
0.7857142857142857,0.5831552052224933
0.7857142857142856,-0.5856716612781382
0.7857142857142856,-0.5856716612781382
0.7857142857142856,0.5856716612781382
0.7857142857142856,0.5856716612781382
0.7857142857142856,-0.5881891885860544
0.7857142857142856,-0.5881891885860544
0.7857142857142856,0.5881891885860544
0.7857142857142856,0.5881891885860544
0.7857142857142856,-0.5907079006932439
0.7857142857142856,-0.5907079006932439
0.7857142857142856,0.5907079006932439
0.7857142857142856,0.5907079006932439
0.7857142857142857,-0.5932279103842814
0.7857142857142857,-0.5932279103842814
0.7857142857142857,0.5932279103842814
0.7857142857142857,0.5932279103842814
0.7857142857142856,-0.59574932971681
0.7857142857142856,-0.59574932971681
0.7857142857142856,0.59574932971681
0.7857142857142856,0.59574932971681
0.7857142857142856,-0.5982722700562396
0.7857142857142856,-0.5982722700562396
0.7857142857142856,0.5982722700562396
0.7857142857142856,0.5982722700562396
0.7857142857142856,-0.6007968421096975
0.7857142857142856,-0.6007968421096975
0.7857142857142856,0.6007968421096975
0.7857142857142856,0.6007968421096975
0.7857142857142856,-0.603323155959247
0.7857142857142856,-0.603323155959247
0.7857142857142856,0.603323155959247
0.7857142857142856,0.603323155959247
0.7857142857142856,-0.6058513210944219
0.7857142857142856,-0.6058513210944219
0.7857142857142856,0.6058513210944219
0.7857142857142856,0.6058513210944219
0.7857142857142857,-0.608381446444094
0.7857142857142857,-0.608381446444094
0.7857142857142857,0.608381446444094
0.7857142857142857,0.608381446444094
0.7857142857142857,-0.6109136404077113
0.7857142857142857,-0.6109136404077113
0.7857142857142857,0.6109136404077113
0.7857142857142857,0.6109136404077113
0.7857142857142856,-0.6134480108859272
0.7857142857142856,-0.6134480108859272
0.7857142857142856,0.6134480108859272
0.7857142857142856,0.6134480108859272
0.7857142857142856,-0.615984665310658
0.7857142857142856,-0.615984665310658
0.7857142857142856,0.615984665310658
0.7857142857142856,0.615984665310658
0.7857142857142856,-0.6185237106745838
0.7857142857142856,-0.6185237106745838
0.7857142857142856,0.6185237106745838
0.7857142857142856,0.6185237106745838
0.7857142857142856,-0.6210652535601267
0.7857142857142856,-0.6210652535601267
0.7857142857142856,0.6210652535601267
0.7857142857142856,0.6210652535601267
0.7857142857142854,-0.6236094001679254
0.7857142857142854,-0.6236094001679254
0.7857142857142854,0.6236094001679254
0.7857142857142854,0.6236094001679254
0.7857142857142856,-0.6261562563448289
0.7857142857142856,-0.6261562563448289
0.7857142857142856,0.6261562563448289
0.7857142857142856,0.6261562563448289
0.7857142857142856,-0.6287059276114391
0.7857142857142856,-0.6287059276114391
0.7857142857142856,0.6287059276114391
0.7857142857142856,0.6287059276114391
0.7857142857142856,-0.6312585191892142
0.7857142857142856,-0.6312585191892142
0.7857142857142856,0.6312585191892142
0.7857142857142856,0.6312585191892142
0.7857142857142856,-0.6338141360271621
0.7857142857142856,-0.6338141360271621
0.7857142857142856,0.6338141360271621
0.7857142857142856,0.6338141360271621
0.7857142857142856,-0.6363728828281401
0.7857142857142856,-0.6363728828281401
0.7857142857142856,0.6363728828281401
0.7857142857142856,0.6363728828281401
0.7857142857142856,-0.6389348640747811
0.7857142857142856,-0.6389348640747811
0.7857142857142856,0.6389348640747811
0.7857142857142856,0.6389348640747811
0.7857142857142856,-0.6415001840550674
0.7857142857142856,-0.6415001840550674
0.7857142857142856,0.6415001840550674
0.7857142857142856,0.6415001840550674
0.7857142857142856,-0.6440689468875692
0.7857142857142856,-0.6440689468875692
0.7857142857142856,0.6440689468875692
0.7857142857142856,0.6440689468875692
0.7857142857142857,-0.6466412565463661
0.7857142857142857,-0.6466412565463661
0.7857142857142857,0.6466412565463661
0.7857142857142857,0.6466412565463661
0.7857142857142856,-0.6492172168856687
0.7857142857142856,-0.6492172168856687
0.7857142857142856,0.6492172168856687
0.7857142857142856,0.6492172168856687
0.7857142857142857,-0.6517969316641584
0.7857142857142857,-0.6517969316641584
0.7857142857142857,0.6517969316641584
0.7857142857142857,0.6517969316641584
0.7857142857142856,-0.6543805045690635
0.7857142857142856,-0.6543805045690635
0.7857142857142856,0.6543805045690635
0.7857142857142856,0.6543805045690635
0.7857142857142856,-0.6569680392399814
0.7857142857142856,-0.6569680392399814
0.7857142857142856,0.6569680392399814
0.7857142857142856,0.6569680392399814
0.7857142857142856,-0.6595596392924714
0.7857142857142856,-0.6595596392924714
0.7857142857142856,0.6595596392924714
0.7857142857142856,0.6595596392924714
0.7857142857142856,-0.6621554083414278
0.7857142857142856,-0.6621554083414278
0.7857142857142856,0.6621554083414278
0.7857142857142856,0.6621554083414278
0.7857142857142857,-0.6647554500242475
0.7857142857142857,-0.6647554500242475
0.7857142857142857,0.6647554500242475
0.7857142857142857,0.6647554500242475
0.7857142857142856,-0.6673598680238116
0.7857142857142856,-0.6673598680238116
0.7857142857142856,0.6673598680238116
0.7857142857142856,0.6673598680238116
0.7857142857142856,-0.6699687660912925
0.7857142857142856,-0.6699687660912925
0.7857142857142856,0.6699687660912925
0.7857142857142856,0.6699687660912925
0.7857142857142856,-0.672582248068797
0.7857142857142856,-0.672582248068797
0.7857142857142856,0.672582248068797
0.7857142857142856,0.672582248068797
0.7857142857142857,-0.675200417911867
0.7857142857142857,-0.675200417911867
0.7857142857142857,0.675200417911867
0.7857142857142857,0.675200417911867
0.7857142857142856,-0.6778233797118443
0.7857142857142856,-0.6778233797118443
0.7857142857142856,0.6778233797118443
0.7857142857142856,0.6778233797118443
0.7857142857142856,-0.6804512377181153
0.7857142857142856,-0.6804512377181153
0.7857142857142856,0.6804512377181153
0.7857142857142856,0.6804512377181153
0.7857142857142856,-0.6830840963602497
0.7857142857142856,-0.6830840963602497
0.7857142857142856,0.6830840963602497
0.7857142857142856,0.6830840963602497
0.7857142857142856,-0.6857220602700413
0.7857142857142856,-0.6857220602700413
0.7857142857142856,0.6857220602700413
0.7857142857142856,0.6857220602700413
0.7857142857142857,-0.6883652343034715
0.7857142857142857,-0.6883652343034715
0.7857142857142857,0.6883652343034715
0.7857142857142857,0.6883652343034715
0.7857142857142856,-0.6910137235625983
0.7857142857142856,-0.6910137235625983
0.7857142857142856,0.6910137235625983
0.7857142857142856,0.6910137235625983
0.7857142857142856,-0.6936676334173888
0.7857142857142856,-0.6936676334173888
0.7857142857142856,0.6936676334173888
0.7857142857142856,0.6936676334173888
0.7857142857142856,-0.696327069527508
0.7857142857142856,-0.696327069527508
0.7857142857142856,0.696327069527508
0.7857142857142856,0.696327069527508
0.7857142857142856,-0.6989921378640694
0.7857142857142856,-0.6989921378640694
0.7857142857142856,0.6989921378640694
0.7857142857142856,0.6989921378640694
0.7857142857142856,-0.7016629447313663
0.7857142857142856,-0.7016629447313663
0.7857142857142856,0.7016629447313663
0.7857142857142856,0.7016629447313663
0.7857142857142856,-0.7043395967885906
0.7857142857142856,-0.7043395967885906
0.7857142857142856,0.7043395967885906
0.7857142857142856,0.7043395967885906
0.7857142857142856,-0.7070222010715531
0.7857142857142856,-0.7070222010715531
0.7857142857142856,0.7070222010715531
0.7857142857142856,0.7070222010715531
0.7857142857142856,-0.709710865014411
0.7857142857142856,-0.709710865014411
0.7857142857142856,0.709710865014411
0.7857142857142856,0.709710865014411
0.7857142857142856,-0.7124056964714266
0.7857142857142856,-0.7124056964714266
0.7857142857142856,0.7124056964714266
0.7857142857142856,0.7124056964714266
0.7857142857142856,-0.7151068037387497
0.7857142857142856,-0.7151068037387497
0.7857142857142856,0.7151068037387497
0.7857142857142856,0.7151068037387497
0.7857142857142856,-0.7178142955762535
0.7857142857142856,-0.7178142955762535
0.7857142857142856,0.7178142955762535
0.7857142857142856,0.7178142955762535
0.7857142857142854,-0.7205282812294209
0.7857142857142854,-0.7205282812294209
0.7857142857142854,0.7205282812294209
0.7857142857142854,0.7205282812294209
0.7857142857142857,-0.7232488704513004
0.7857142857142857,-0.7232488704513004
0.7857142857142857,0.7232488704513004
0.7857142857142857,0.7232488704513004
0.7857142857142857,-0.7259761735245387
0.7857142857142857,-0.7259761735245387
0.7857142857142857,0.7259761735245387
0.7857142857142857,0.7259761735245387
0.7857142857142856,-0.7287103012835009
0.7857142857142856,-0.7287103012835009
0.7857142857142856,0.7287103012835009
0.7857142857142856,0.7287103012835009
0.7857142857142856,-0.7314513651364921
0.7857142857142856,-0.7314513651364921
0.7857142857142856,0.7314513651364921
0.7857142857142856,0.7314513651364921
0.7857142857142856,-0.7341994770880887
0.7857142857142856,-0.7341994770880887
0.7857142857142856,0.7341994770880887
0.7857142857142856,0.7341994770880887
0.7857142857142857,-0.7369547497615884
0.7857142857142857,-0.7369547497615884
0.7857142857142857,0.7369547497615884
0.7857142857142857,0.7369547497615884
0.7857142857142856,-0.7397172964215973
0.7857142857142856,-0.7397172964215973
0.7857142857142856,0.7397172964215973
0.7857142857142856,0.7397172964215973
0.7857142857142857,-0.7424872309967537
0.7857142857142857,-0.7424872309967537
0.7857142857142857,0.7424872309967537
0.7857142857142857,0.7424872309967537
0.7857142857142856,-0.7452646681026116
0.7857142857142856,-0.7452646681026116
0.7857142857142856,0.7452646681026116
0.7857142857142856,0.7452646681026116
0.7857142857142856,-0.7480497230646842
0.7857142857142856,-0.7480497230646842
0.7857142857142856,0.7480497230646842
0.7857142857142856,0.7480497230646842
0.7857142857142856,-0.7508425119416665
0.7857142857142856,-0.7508425119416665
0.7857142857142856,0.7508425119416665
0.7857142857142856,0.7508425119416665
0.7857142857142857,-0.7536431515488445
0.7857142857142857,-0.7536431515488445
0.7857142857142857,0.7536431515488445
0.7857142857142857,0.7536431515488445
0.7857142857142856,-0.7564517594817006
0.7857142857142856,-0.7564517594817006
0.7857142857142856,0.7564517594817006
0.7857142857142856,0.7564517594817006
0.7857142857142856,-0.7592684541397297
0.7857142857142856,-0.7592684541397297
0.7857142857142856,0.7592684541397297
0.7857142857142856,0.7592684541397297
0.7857142857142854,-0.7620933547504782
0.7857142857142854,-0.7620933547504782
0.7857142857142854,0.7620933547504782
0.7857142857142854,0.7620933547504782
0.7857142857142857,-0.764926581393812
0.7857142857142857,-0.764926581393812
0.7857142857142857,0.764926581393812
0.7857142857142857,0.764926581393812
0.7857142857142856,-0.7677682550264298
0.7857142857142856,-0.7677682550264298
0.7857142857142856,0.7677682550264298
0.7857142857142856,0.7677682550264298
0.7857142857142856,-0.7706184975066328
0.7857142857142856,-0.7706184975066328
0.7857142857142856,0.7706184975066328
0.7857142857142856,0.7706184975066328
0.7857142857142856,-0.773477431619361
0.7857142857142856,-0.773477431619361
0.7857142857142856,0.773477431619361
0.7857142857142856,0.773477431619361
0.7857142857142856,-0.7763451811015096
0.7857142857142856,-0.7763451811015096
0.7857142857142856,0.7763451811015096
0.7857142857142856,0.7763451811015096
0.7857142857142856,-0.7792218706675361
0.7857142857142856,-0.7792218706675361
0.7857142857142856,0.7792218706675361
0.7857142857142856,0.7792218706675361
0.7857142857142856,-0.7821076260353736
0.7857142857142856,-0.7821076260353736
0.7857142857142856,0.7821076260353736
0.7857142857142856,0.7821076260353736
0.7857142857142857,-0.7850025739526586
0.7857142857142857,-0.7850025739526586
0.7857142857142857,0.7850025739526586
0.7857142857142857,0.7850025739526586
0.7857142857142856,-0.7879068422232891
0.7857142857142856,-0.7879068422232891
0.7857142857142856,0.7879068422232891
0.7857142857142856,0.7879068422232891
0.7857142857142856,-0.7908205597343255
0.7857142857142856,-0.7908205597343255
0.7857142857142856,0.7908205597343255
0.7857142857142856,0.7908205597343255
0.7857142857142857,-0.7937438564832449
0.7857142857142857,-0.7937438564832449
0.7857142857142857,0.7937438564832449
0.7857142857142857,0.7937438564832449
0.7857142857142857,-0.7966768636055658
0.7857142857142857,-0.7966768636055658
0.7857142857142857,0.7966768636055658
0.7857142857142857,0.7966768636055658
0.7857142857142857,-0.799619713402857
0.7857142857142857,-0.799619713402857
0.7857142857142857,0.799619713402857
0.7857142857142857,0.799619713402857
0.7857142857142854,-0.802572539371137
0.7857142857142854,-0.802572539371137
0.7857142857142854,0.802572539371137
0.7857142857142854,0.802572539371137
0.7857142857142856,-0.8055354762296907
0.7857142857142856,-0.8055354762296907
0.7857142857142856,0.8055354762296907
0.7857142857142856,0.8055354762296907
0.7857142857142857,-0.8085086599503055
0.7857142857142857,-0.8085086599503055
0.7857142857142857,0.8085086599503055
0.7857142857142857,0.8085086599503055
0.7857142857142857,-0.8114922277869488
0.7857142857142857,-0.8114922277869488
0.7857142857142857,0.8114922277869488
0.7857142857142857,0.8114922277869488
0.7857142857142856,-0.814486318305902
0.7857142857142856,-0.814486318305902
0.7857142857142856,0.814486318305902
0.7857142857142856,0.814486318305902
0.7857142857142856,-0.817491071416358
0.7857142857142856,-0.817491071416358
0.7857142857142856,0.817491071416358
0.7857142857142856,0.817491071416358
0.7857142857142856,-0.8205066284015125
0.7857142857142856,-0.8205066284015125
0.7857142857142856,0.8205066284015125
0.7857142857142856,0.8205066284015125
0.7857142857142857,-0.8235331319501497
0.7857142857142857,-0.8235331319501497
0.7857142857142857,0.8235331319501497
0.7857142857142857,0.8235331319501497
0.7857142857142856,-0.8265707261887489
0.7857142857142856,-0.8265707261887489
0.7857142857142856,0.8265707261887489
0.7857142857142856,0.8265707261887489
0.7857142857142856,-0.8296195567141238
0.7857142857142856,-0.8296195567141238
0.7857142857142856,0.8296195567141238
0.7857142857142856,0.8296195567141238
0.7857142857142856,-0.8326797706266151
0.7857142857142856,-0.8326797706266151
0.7857142857142856,0.8326797706266151
0.7857142857142856,0.8326797706266151
0.7857142857142857,-0.8357515165638497
0.7857142857142857,-0.8357515165638497
0.7857142857142857,0.8357515165638497
0.7857142857142857,0.8357515165638497
0.7857142857142857,-0.8388349447350896
0.7857142857142857,-0.8388349447350896
0.7857142857142857,0.8388349447350896
0.7857142857142857,0.8388349447350896
0.7857142857142859,-0.8419302069561836
0.7857142857142859,-0.8419302069561836
0.7857142857142859,0.8419302069561836
0.7857142857142859,0.8419302069561836
0.7857142857142856,-0.8450374566851432
0.7857142857142856,-0.8450374566851432
0.7857142857142856,0.8450374566851432
0.7857142857142856,0.8450374566851432
0.7857142857142857,-0.8481568490583634
0.7857142857142857,-0.8481568490583634
0.7857142857142857,0.8481568490583634
0.7857142857142857,0.8481568490583634
0.7857142857142857,-0.8512885409275032
0.7857142857142857,-0.8512885409275032
0.7857142857142857,0.8512885409275032
0.7857142857142857,0.8512885409275032
0.7857142857142856,-0.8544326908970574
0.7857142857142856,-0.8544326908970574
0.7857142857142856,0.8544326908970574
0.7857142857142856,0.8544326908970574
0.7857142857142856,-0.8575894593626194
0.7857142857142856,-0.8575894593626194
0.7857142857142856,0.8575894593626194
0.7857142857142856,0.8575894593626194
0.7857142857142856,-0.8607590085498837
0.7857142857142856,-0.8607590085498837
0.7857142857142856,0.8607590085498837
0.7857142857142856,0.8607590085498837
